<?xml version="1.0" encoding="UTF-8"?>
<GenRun Id="impl_1" LaunchPart="xc7a35tcpg236-1" LaunchTime="1538923441">
  <File Type="ROUTE-PWR" Name="assignment_power_routed.rpt"/>
  <File Type="PA-TCL" Name="assignment.tcl"/>
  <File Type="BITSTR-BMM" Name="assignment_bd.bmm"/>
  <File Type="ROUTE-PWR-SUM" Name="assignment_power_summary_routed.pb"/>
  <File Type="REPORTS-TCL" Name="assignment_reports.tcl"/>
  <File Type="OPT-DCP" Name="assignment_opt.dcp"/>
  <File Type="OPT-DRC" Name="assignment_drc_opted.rpt"/>
  <File Type="OPT-HWDEF" Name="assignment.hwdef"/>
  <File Type="PWROPT-DCP" Name="assignment_pwropt.dcp"/>
  <File Type="PLACE-DCP" Name="assignment_placed.dcp"/>
  <File Type="PLACE-IO" Name="assignment_io_placed.rpt"/>
  <File Type="PLACE-UTIL" Name="assignment_utilization_placed.rpt"/>
  <File Type="PLACE-UTIL-PB" Name="assignment_utilization_placed.pb"/>
  <File Type="PLACE-CTRL" Name="assignment_control_sets_placed.rpt"/>
  <File Type="PLACE-PRE-SIMILARITY" Name="assignment_incremental_reuse_pre_placed.rpt"/>
  <File Type="BG-BGN" Name="assignment.bgn"/>
  <File Type="POSTPLACE-PWROPT-DCP" Name="assignment_postplace_pwropt.dcp"/>
  <File Type="BG-BIN" Name="assignment.bin"/>
  <File Type="PHYSOPT-DCP" Name="assignment_physopt.dcp"/>
  <File Type="BITSTR-MSK" Name="assignment.msk"/>
  <File Type="ROUTE-ERROR-DCP" Name="assignment_routed_error.dcp"/>
  <File Type="ROUTE-DCP" Name="assignment_routed.dcp"/>
  <File Type="ROUTE-BLACKBOX-DCP" Name="assignment_routed_bb.dcp"/>
  <File Type="ROUTE-DRC" Name="assignment_drc_routed.rpt"/>
  <File Type="ROUTE-DRC-PB" Name="assignment_drc_routed.pb"/>
  <File Type="ROUTE-DRC-RPX" Name="assignment_drc_routed.rpx"/>
  <File Type="BITSTR-LTX" Name="assignment.ltx"/>
  <File Type="ROUTE-METHODOLOGY-DRC" Name="assignment_methodology_drc_routed.rpt"/>
  <File Type="BITSTR-MMI" Name="assignment.mmi"/>
  <File Type="ROUTE-METHODOLOGY-DRC-RPX" Name="assignment_methodology_drc_routed.rpx"/>
  <File Type="ROUTE-METHODOLOGY-DRC-PB" Name="assignment_methodology_drc_routed.pb"/>
  <File Type="BITSTR-SYSDEF" Name="assignment.sysdef"/>
  <File Type="ROUTE-PWR-RPX" Name="assignment_power_routed.rpx"/>
  <File Type="ROUTE-STATUS" Name="assignment_route_status.rpt"/>
  <File Type="ROUTE-STATUS-PB" Name="assignment_route_status.pb"/>
  <File Type="ROUTE-TIMINGSUMMARY" Name="assignment_timing_summary_routed.rpt"/>
  <File Type="ROUTE-TIMING-PB" Name="assignment_timing_summary_routed.pb"/>
  <File Type="ROUTE-TIMING-RPX" Name="assignment_timing_summary_routed.rpx"/>
  <File Type="ROUTE-CLK" Name="assignment_clock_utilization_routed.rpt"/>
  <File Type="ROUTE-BUS-SKEW" Name="assignment_bus_skew_routed.rpt"/>
  <File Type="ROUTE-BUS-SKEW-PB" Name="assignment_bus_skew_routed.pb"/>
  <File Type="ROUTE-BUS-SKEW-RPX" Name="assignment_bus_skew_routed.rpx"/>
  <File Type="POSTROUTE-PHYSOPT-DCP" Name="assignment_postroute_physopt.dcp"/>
  <File Type="POSTROUTE-PHYSOPT-BLACKBOX-DCP" Name="assignment_postroute_physopt_bb.dcp"/>
  <File Type="BG-BIT" Name="assignment.bit"/>
  <File Type="BITSTR-RBT" Name="assignment.rbt"/>
  <File Type="BITSTR-NKY" Name="assignment.nky"/>
  <File Type="BG-DRC" Name="assignment.drc"/>
  <File Type="RDI-RDI" Name="assignment.vdi"/>
  <File Type="WBT-USG" Name="usage_statistics_webtalk.html"/>
  <FileSet Name="sources" Type="DesignSrcs" RelSrcDir="$PSRCDIR/sources_1">
    <Filter Type="Srcs"/>
    <File Path="$PSRCDIR/sources_1/new/assignment.v">
      <FileInfo>
        <Attr Name="ImportPath" Val="$PPRDIR/../../../../../../../../assignment/assignment.srcs/sources_1/new/assignment.v"/>
        <Attr Name="ImportTime" Val="1538924449"/>
        <Attr Name="UsedIn" Val="synthesis"/>
        <Attr Name="UsedIn" Val="implementation"/>
        <Attr Name="UsedIn" Val="simulation"/>
      </FileInfo>
    </File>
    <Config>
      <Option Name="DesignMode" Val="RTL"/>
      <Option Name="TopModule" Val="assignment"/>
      <Option Name="TopAutoSet" Val="TRUE"/>
    </Config>
  </FileSet>
  <FileSet Name="constrs_in" Type="Constrs" RelSrcDir="$PSRCDIR/constrs_1">
    <Filter Type="Constrs"/>
    <File Path="$PSRCDIR/constrs_1/new/constraints.xdc">
      <FileInfo>
        <Attr Name="ImportPath" Val="$PPRDIR/../../../../../../../../assignment/assignment.srcs/constrs_1/new/constraints.xdc"/>
        <Attr Name="ImportTime" Val="1538905443"/>
        <Attr Name="UsedIn" Val="synthesis"/>
        <Attr Name="UsedIn" Val="implementation"/>
      </FileInfo>
    </File>
    <Config>
      <Option Name="ConstrsType" Val="XDC"/>
    </Config>
  </FileSet>
  <Strategy Version="1" Minor="2">
    <StratHandle Name="Vivado Implementation Defaults" Flow="Vivado Implementation 2018"/>
    <Step Id="init_design"/>
    <Step Id="opt_design"/>
    <Step Id="power_opt_design"/>
    <Step Id="place_design"/>
    <Step Id="post_place_power_opt_design"/>
    <Step Id="phys_opt_design"/>
    <Step Id="route_design"/>
    <Step Id="post_route_phys_opt_design"/>
    <Step Id="write_bitstream"/>
  </Strategy>
</GenRun>
